,0
26,Airport
120,Allerton-Pelham Gardens
188,Annadale-Huguenot-Prince's Bay-Eltingville
181,Arden Heights
5,Astoria
154,Auburndale
84,Baisley Park
161,Bath Beach
20,Battery Park City-Lower Manhattan
62,Bay Ridge
122,Bayside-Bayside Hills
39,Bedford
95,Bedford Park-Fordham North
158,Bellerose
50,Belmont
115,Bensonhurst East
8,Bensonhurst West
134,Borough Park
133,Breezy Point-Belle Harbor-Rockaway Park-Broad Channel
41,Briarwood-Jamaica Hills
56,Brighton Beach
114,Bronxdale
38,Brooklyn Heights-Cobble Hill
157,Brownsville
48,Bushwick North
37,Bushwick South
173,Cambria Heights
76,Canarsie
90,Carroll Gardens-Columbia Street-Red Hook
27,Central Harlem North-Polo Grounds
189,Charleston-Richmond Valley-Tottenville
64,Chinatown
169,Claremont-Bathgate
21,Clinton
73,Clinton Hill
136,Co-op City
125,College Point
105,Corona
159,Crotona Park East
10,Crown Heights North
35,Crown Heights South
92,Cypress Hills-City Line
1,DUMBO-Vinegar Hill-Downtown Brooklyn-Boerum Hill
51,Douglas Manor-Douglaston-Little Neck
98,Dyker Heights
54,East Concourse-Concourse Village
42,East Elmhurst
99,East Flatbush-Farragut
127,East Flushing
6,East Harlem North
36,East Harlem South
72,East New York
164,East New York (Pennsylvania Ave)
163,East Tremont
29,East Village
3,East Williamsburg
145,Eastchester-Edenwald-Baychester
63,Elmhurst
170,Elmhurst-Maspeth
60,Erasmus
176,Far Rockaway-Bayswater
46,Flatbush
148,Flatlands
104,Flushing
49,Fordham South
19,Forest Hills
55,Fort Greene
128,Fresh Meadows-Utopia
151,Ft. Totten-Bay Terrace-Clearview
141,Georgetown-Marine Park-Bergen Beach-Mill Basin
166,Glen Oaks-Floral Park-New Hyde Park
143,Glendale
59,Gramercy
144,Grasmere-Arrochar-Ft. Wadsworth
83,Gravesend
180,Great Kills
47,Greenpoint
175,Grymes Hill-Clifton-Fox Hills
74,Hamilton Heights
174,Hammels-Arverne-Edgemere
96,Highbridge
171,Hollis
88,Homecrest
2,Hudson Yards-Chelsea-Flat Iron-Union Square
40,Hunters Point-Sunnyside-West Maspeth
112,Hunts Point
57,Jackson Heights
142,Jamaica
80,Jamaica Estates-Holliswood
103,Kensington-Ocean Parkway
140,Kew Gardens
23,Kew Gardens Hills
167,Kingsbridge Heights
168,Laurelton
0,Lenox Hill-Roosevelt Island
14,Lincoln Square
124,Lindenwood-Howard Beach
30,Longwood
28,Lower East Side
66,Madison
116,Manhattanville
52,Marble Hill-Inwood
184,Mariner's Harbor-Arlington-Port Ivory-Graniteville
93,Maspeth
146,Melrose South-Mott Haven North
160,Middle Village
12,Midtown-Midtown South
119,Midwood
33,Morningside Heights
155,Morrisania-Melrose
87,Mott Haven-Port Morris
77,Mount Hope
117,Murray Hill
22,Murray Hill-Kips Bay
182,New Brighton-Silver Lake
185,New Dorp-Midland Beach
150,North Corona
111,North Riverdale-Fieldston-Riverdale
31,North Side-South Side
34,Norwood
113,Oakland Gardens
183,Oakwood-Oakwood Beach
156,Ocean Hill
126,Ocean Parkway South
61,Old Astoria
172,Old Town-Dongan Hills-South Beach
131,Ozone Park
32,Park Slope-Gowanus
81,Parkchester
85,Pelham Bay-Country Club-City Island
149,Pelham Parkway
89,Pomonok-Flushing Heights-Hillcrest
178,Port Richmond
65,Prospect Heights
15,Prospect Lefferts Gardens-Wingate
121,Queens Village
107,Queensboro Hill
24,Queensbridge-Ravenswood-Long Island City
70,Rego Park
82,Richmond Hill
71,Ridgewood
86,Rosedale
186,Rossville-Woodrow
94,Rugby-Remsen Village
152,Schuylerville-Throgs Neck-Edgewater Park
68,Seagate-Coney Island
91,Sheepshead Bay-Gerritsen Beach-Manhattan Beach
25,SoHo-TriBeCa-Civic Center-Little Italy
135,Soundview-Bruckner
109,Soundview-Castle Hill-Clason Point-Harding Park
165,South Jamaica
75,South Ozone Park
118,Springfield Gardens North
100,Springfield Gardens South-Brookville
108,Spuyten Duyvil-Kingsbridge
153,St. Albans
179,Stapleton-Rosebank
137,Starrett City
78,Steinway
53,Stuyvesant Heights
16,Stuyvesant Town-Cooper Village
79,Sunset Park East
4,Sunset Park West
130,Todt Hill-Emerson Hill-Heartland Village-Lighthouse Hill
11,Turtle Bay-East Midtown
43,University Heights-Morris Heights
13,Upper East Side-Carnegie Hill
17,Upper West Side
123,Van Cortlandt Village
18,Van Nest-Morris Park-Westchester Square
69,Washington Heights North
45,Washington Heights South
44,West Concourse
110,West Farms-Bronx River
139,West New Brighton-New Brighton-St. George
7,West Village
67,Westchester-Unionport
102,Westerleigh
147,Whitestone
132,Williamsbridge-Olinville
162,Williamsburg
101,Windsor Terrace
106,Woodhaven
138,Woodlawn-Wakefield
97,Woodside
9,Yorkville
129,park-cemetery-etc-Brooklyn
58,park-cemetery-etc-Manhattan
187,park-cemetery-etc-Staten Island
